{
  "tasks": [
    {
      "id": 1,
      "text": "Go see the doctor",
      "day": "February 5th at 2:30pm",
      "reminder": false
    },
    {
      "id": 2,
      "text": "Real Business Meeting",
      "day": "February 15th at 12:30pm",
      "reminder": false
    },
    {
      "text": "Code your website",
      "day": "10pm of everyday",
      "reminder": true,
      "id": 4
    },
    {
      "text": "Pay the bills",
      "day": "21 Feb 2023",
      "reminder": true,
      "id": 5
    },
    {
      "text": "Wait a minute",
      "day": "Nov 3 2022",
      "reminder": false,
      "id": 6
    }
  ],
  "likes": {
    "count": 27
  }
}